Metric,Value
Expected_Return,4.758746857902452e-06
Benchmark_Return,0.0
Active_Return,4.758746857902452e-06
Volatility,7.204032413884048e-06
Tracking_Error,7.204032413884048e-06
Sharpe_Ratio,-2775.5623662389494
Information_Ratio,0.6605671080450868
Max_Drawdown,-1.964430139050318e-05
Cumulative_Return,6.177105035387598e-05
Regime_Score,1.9461532465114173
Shrinkage_Alpha,0.25
Number_of_Views,1.0
